Word,TF-IDF Score
professor,0.2621429396857135
download,0.22199249489532558
surveillance,0.18352823048527028
menacing,0.16205535014846845
comment,0.15107129496040314
control,0.14789234434412735
disinformation,0.13107146984285675
founder,0.12024506050092823
tech,0.11875356090223371
misinformation,0.11467204778652498
governance,0.11467204778652498
institution,0.11444795072757812
director,0.11141074936642824
health,0.109870032698475
authoritarian,0.10792960993312348
harmful,0.10529211466937188
fear,0.10195166779912129
deepfake,0.09251109422839154
generative,0.09251109422839154
predict,0.09175650101920917
