Word,TF-IDF Score
principle,0.3772975530892573
bias,0.28297316481694296
capability,0.28092631538967155
explainability,0.2340441706235832
download,0.18836932719457286
policymaker,0.1705362234003821
developer,0.15910297444678018
ai,0.15338240562508013
tenet,0.14796431252637854
detection,0.14211351950031845
enterprise,0.13258581203898348
solution,0.13205414358124004
mitigation,0.12270592450006408
concrete,0.12270592450006408
recommendation,0.11705263141236315
transparency,0.11705263141236315
cover,0.11369081560025474
percent,0.11369081560025474
factsheet,0.1109732343947839
fairness,0.10464962621920713
