Word,TF-IDF Score
fairness,0.8147220178581319
algorithmic,0.40158204728800717
fair,0.10253793594702823
making,0.10039551182200179
technical,0.0982440498168026
disagreement,0.08601698879255255
definition,0.07940087462176709
normative,0.07293085828162862
reasonable,0.07249645074161344
impossibility,0.0708375201821021
healthcare,0.06711497729967274
accuracy,0.06563777245346578
bias,0.06534360049975593
inspire,0.061781853428924186
theorem,0.06101361572697522
accountability,0.05834468662530291
deliberation,0.05792048758961642
recidivism,0.0549122541542777
balance,0.05469814371122148
stakeholder,0.049218209254573556
