Word,TF-IDF Score
retweet,0.7931669459660495
quotation,0.22489453796746206
tweet,0.21874663981586964
endorsement,0.2157591858101856
communicative,0.2149550752641629
original,0.12724759874968058
retweete,0.11702193128688033
relevance,0.10503615779585351
linguistic,0.09964408868920219
epistemic,0.08930440837893813
endorse,0.08300123662268556
speaker,0.06638318500805031
communicate,0.06296856072464387
express,0.06071968355590659
convey,0.059786453213521315
utterance,0.05580068966595323
representation,0.05534553537509955
assertion,0.05373876881604073
hypothesis,0.05119709493801014
perform,0.049703419216888325
