Document 1,Document 2,Similarity Score
Anderson-ClosingthoughtsChatGPT-2023_images,Anderson-Themes-2023_images,0.511186024897061
Digital Ethics Oxford_images,Anderson-Themes-2023_images,0.380695983480616
Anderson-ClosingthoughtsChatGPT-2023_images,Digital Ethics Oxford_images,0.36079827317467145
"Deepfakes, Deep Harms’ (Regina Rini & Leah Cohen)_images",Witnessing algorithms-Richardson-2024_images,0.29533768943129113
Digital Ethics Oxford_images,Gilli-Intelligentmachinesgrowing-2019_images,0.27819753398082264
Anderson-ClosingthoughtsChatGPT-2023_images,Halpern-Epilogue-2024_images,0.26876896260076233
Isthe Attention Economy Noxious?’ (Clinton Castro and Adam K. Pham)_images,Digital Ethics Oxford_images,0.24215723848930024
Is it OK to be an Anonymous _images,Digital Ethics Oxford_images,0.2361382406215863
Digital Ethics Oxford_images,The Moral Risks of OnlineS haming-KristaK.Thomason_images,0.2322686916556338
Isthe Attention Economy Noxious?’ (Clinton Castro and Adam K. Pham)_images,Anderson-Themes-2023_images,0.2250106013575185
